"iso3","country_name","year","month","time","access_mean","access_lower","access_upper","percapita_nets_mean","percapita_nets_lower","percapita_nets_upper"
"AGO","Angola",2020,1,2020.03825136612,0.174016223076353,0.0510951968391429,0.390427588983685,0.119347043548264,0.0377514345790816,0.229318736751066
"AGO","Angola",2020,2,2020.12295081967,0.171693430550573,0.0575839781578348,0.387952269535842,0.118258210283664,0.0371498595633608,0.224350544462542
"AGO","Angola",2020,3,2020.20218579235,0.17015216340004,0.0563309691597857,0.383596567262839,0.117442896535972,0.036956514418978,0.226317622572921
"AGO","Angola",2020,4,2020.2868852459,0.169760241924799,0.0576076204365291,0.374758390937058,0.117279881817796,0.0364970711345849,0.226708099455232
"AGO","Angola",2020,5,2020.36885245902,0.169383541576721,0.0594608108928535,0.369097531497472,0.116791509600544,0.0373400208214087,0.22295866229686
"AGO","Angola",2020,6,2020.45355191257,0.168529012409815,0.0609398807472975,0.364502945480944,0.115556207672012,0.0382327661831949,0.222387130294972
"AGO","Angola",2020,7,2020.53551912568,0.167992998268101,0.0628464428689504,0.354794092453429,0.114935423879498,0.0395131596967383,0.220873746291035
"AGO","Angola",2020,8,2020.62021857923,0.167815536219791,0.0651851563790907,0.347563317621434,0.114999116733099,0.0419148558212385,0.217736927020914
"AGO","Angola",2020,9,2020.70491803279,0.16798042342665,0.0657205628696834,0.348383534953775,0.115723846816635,0.0452678471067041,0.226759032413711
"AGO","Angola",2020,10,2020.7868852459,0.167921467789288,0.0666954782652424,0.351208856931828,0.116093850027344,0.0458380352767042,0.231859366288803
"AGO","Angola",2020,11,2020.87158469945,0.167877939239431,0.0666010517185291,0.35196818884416,0.116394650870731,0.0457774202863794,0.233006235559581
"AGO","Angola",2020,12,2020.95355191257,0.1682270496615,0.0665121473253265,0.352232917822488,0.116647152008868,0.0458526069972,0.233815644538312
"BDI","Burundi",2020,1,2020.03825136612,0.143764881714513,0.0178964982813352,0.369137067759361,0.0582889260499779,0.00330123287934075,0.210246290676734
"BDI","Burundi",2020,2,2020.12295081967,0.153951527512775,0.0253376139271398,0.376780393750598,0.0682502449118953,0.006099544995196,0.241072841316724
"BDI","Burundi",2020,3,2020.20218579235,0.165198470699931,0.0301223867030299,0.398000588252716,0.0796654697049449,0.00750635173824631,0.277124397867234
"BDI","Burundi",2020,4,2020.2868852459,0.178673377120354,0.0329103653999356,0.419954507846964,0.0931923748166699,0.011660533849798,0.308616007381735
"BDI","Burundi",2020,5,2020.36885245902,0.191427658313153,0.0377401239125624,0.415442201920955,0.107878859106828,0.0186594947803819,0.315076398140194
"BDI","Burundi",2020,6,2020.45355191257,0.205690783747672,0.0384682494265703,0.440976771912603,0.124239704077022,0.0188430174436691,0.357524221805911
"BDI","Burundi",2020,7,2020.53551912568,0.217514486461654,0.0426153455631614,0.474184601987113,0.139406986233909,0.0211458480433459,0.352286502251625
"BDI","Burundi",2020,8,2020.62021857923,0.22732682354237,0.0452354725528173,0.486317475130592,0.155076751738262,0.0370223066775227,0.365804840993235
"BDI","Burundi",2020,9,2020.70491803279,0.238745545128708,0.0481031736246251,0.518064993412618,0.172680529987795,0.0465592732825053,0.38832823625904
"BDI","Burundi",2020,10,2020.7868852459,0.245778411411722,0.051120314902175,0.537775922269442,0.182636675070953,0.0513332241677341,0.410685136318549
"BDI","Burundi",2020,11,2020.87158469945,0.247592454153805,0.0522376948498577,0.542063062672833,0.184088113168356,0.0519414967877318,0.412328390300023
"BDI","Burundi",2020,12,2020.95355191257,0.248056554024377,0.0528357618435569,0.542939293994077,0.184782953908692,0.0523404354273646,0.413318015754051
"BEN","Benin",2020,1,2020.03825136612,0.676802220558989,0.358366510423751,0.871438947361619,0.449696605911487,0.223581576985205,0.720818715553561
"BEN","Benin",2020,2,2020.12295081967,0.725718436620145,0.489809615389304,0.901745318835866,0.520904887860842,0.298395526351829,0.789522408552517
"BEN","Benin",2020,3,2020.20218579235,0.769024026510048,0.520055584029607,0.929050502971887,0.587888279220587,0.305122421865061,0.880824465550767
"BEN","Benin",2020,4,2020.2868852459,0.809113207598066,0.581017540246214,0.939509279267148,0.654224769760792,0.372610170462188,0.952801751054488
"BEN","Benin",2020,5,2020.36885245902,0.838322519940359,0.646199331525631,0.947159526722401,0.711545830735639,0.440211817378737,0.964027011030246
"BEN","Benin",2020,6,2020.45355191257,0.867876266628638,0.698240701578933,0.959202436375915,0.771264511771575,0.517755660344263,0.995123471234065
"BEN","Benin",2020,7,2020.53551912568,0.892298973087553,0.766475345690835,0.96705832207241,0.82576164456474,0.602106467765315,1.01428584407684
"BEN","Benin",2020,8,2020.62021857923,0.914145338965485,0.826326040619264,0.965734896678265,0.879692400078334,0.745850732888072,1.00250906915955
"BEN","Benin",2020,9,2020.70491803279,0.934972964676367,0.881962163966619,0.968865448193127,0.934224353237956,0.852102920695713,1.03185327194623
"BEN","Benin",2020,10,2020.7868852459,0.945867774916092,0.898877561412463,0.971048924126626,0.963350823083535,0.866455396295833,1.06849820532021
"BEN","Benin",2020,11,2020.87158469945,0.945668007004263,0.897962443794266,0.970568364422544,0.96271382079013,0.865787062153552,1.06784492595606
"BEN","Benin",2020,12,2020.95355191257,0.945470558770079,0.898410106555833,0.970159210371099,0.961569386532407,0.865322047244178,1.06683530404514
"BFA","Burkina Faso",2020,1,2020.03825136612,0.688838268169598,0.559229323849724,0.80394290679186,0.507462268157024,0.426615673169376,0.596272034975182
"BFA","Burkina Faso",2020,2,2020.12295081967,0.67774844149433,0.548172166804376,0.798864568819408,0.492614548585765,0.415958044170433,0.583493946628778
"BFA","Burkina Faso",2020,3,2020.20218579235,0.666078816613087,0.53118751338104,0.791185660560815,0.478393871580754,0.39530488168321,0.569344844931353
"BFA","Burkina Faso",2020,4,2020.2868852459,0.65361102345226,0.518669963903776,0.780760330710035,0.46195349107492,0.375441692507466,0.559387706650826
"BFA","Burkina Faso",2020,5,2020.36885245902,0.646343095870471,0.51080754144153,0.774981389736659,0.447904493053793,0.363821970297433,0.543089180833029
"BFA","Burkina Faso",2020,6,2020.45355191257,0.639330720069021,0.502799431803189,0.767644370066918,0.433555008314731,0.351356077530097,0.527155396068924
"BFA","Burkina Faso",2020,7,2020.53551912568,0.630719247492975,0.493264212884079,0.758735458075007,0.419485463604284,0.335765104813508,0.513737058166446
"BFA","Burkina Faso",2020,8,2020.62021857923,0.619713783313008,0.48177557214084,0.749537752456672,0.403627234733072,0.318612662403803,0.497158886693845
"BFA","Burkina Faso",2020,9,2020.70491803279,0.608486502085229,0.468043853338698,0.739987724639207,0.387528236796281,0.305771698017818,0.482931629584262
"BFA","Burkina Faso",2020,10,2020.7868852459,0.600187812964925,0.455968950662987,0.734060515617122,0.377506320837846,0.296917207001565,0.471022905632961
"BFA","Burkina Faso",2020,11,2020.87158469945,0.598492891066417,0.455012596248633,0.733430731554513,0.376010233046879,0.294647479137918,0.470385353385526
"BFA","Burkina Faso",2020,12,2020.95355191257,0.597867144639852,0.456447988302092,0.733272076679345,0.374817709170402,0.293787456104907,0.469126317752904
"CAF","Central African Republic",2020,1,2020.03825136612,0.565135880187706,0.346068290689271,0.749513516761319,0.416221419304705,0.247880102666781,0.550098312380756
"CAF","Central African Republic",2020,2,2020.12295081967,0.559608901782458,0.341449180771705,0.746687148926791,0.409984819276698,0.242343575913709,0.553235983947735
"CAF","Central African Republic",2020,3,2020.20218579235,0.553818024377743,0.335724479055831,0.74229755326594,0.404192788608217,0.237635343305252,0.549372450492591
"CAF","Central African Republic",2020,4,2020.2868852459,0.549737795029211,0.337408495537336,0.739281019063637,0.399342874305105,0.23302503583055,0.551369819972301
"CAF","Central African Republic",2020,5,2020.36885245902,0.547470235522229,0.331344211523201,0.737970695653008,0.395834411612323,0.237273298954602,0.545876712402288
"CAF","Central African Republic",2020,6,2020.45355191257,0.54499374811814,0.32794971921255,0.736616976459373,0.391801245613256,0.236284501126084,0.538220030919708
"CAF","Central African Republic",2020,7,2020.53551912568,0.541720733859064,0.323361951775826,0.732837108857187,0.387543343315478,0.236462529193505,0.533732459638784
"CAF","Central African Republic",2020,8,2020.62021857923,0.538898663172172,0.320421679107549,0.722955053584925,0.383822227916194,0.239657452115022,0.521652988348564
"CAF","Central African Republic",2020,9,2020.70491803279,0.535990169739673,0.316823759965292,0.717018047514385,0.380145691148583,0.236642247758665,0.514610763972533
"CAF","Central African Republic",2020,10,2020.7868852459,0.536110581126977,0.317983121887521,0.71826994778301,0.378483818664846,0.232640363266375,0.517774816913471
"CAF","Central African Republic",2020,11,2020.87158469945,0.537430687477724,0.322199138526844,0.718513412834814,0.378076052551607,0.23222471407779,0.518044982560143
"CAF","Central African Republic",2020,12,2020.95355191257,0.538114312439515,0.326573745715163,0.718982697723357,0.37716870385358,0.231868721533133,0.517973027211746
"CIV","Cote d'Ivoire",2020,1,2020.03825136612,0.592132345610421,0.38792650513397,0.774531607122592,0.33769538856119,0.231360844480159,0.44399038871224
"CIV","Cote d'Ivoire",2020,2,2020.12295081967,0.58442696921717,0.373715649889416,0.765701880913564,0.331588211577692,0.23527481365407,0.440613701443982
"CIV","Cote d'Ivoire",2020,3,2020.20218579235,0.57706947009038,0.366840877973245,0.762470854359042,0.326878484773712,0.225485651825039,0.438024901442151
"CIV","Cote d'Ivoire",2020,4,2020.2868852459,0.571378617542523,0.35574732515792,0.759690323497861,0.321697406655209,0.220486042020807,0.430360099322077
"CIV","Cote d'Ivoire",2020,5,2020.36885245902,0.565693175467359,0.357478292699439,0.755539210024648,0.317052128551483,0.219398440905923,0.42010087793567
"CIV","Cote d'Ivoire",2020,6,2020.45355191257,0.560474721210732,0.34919561392712,0.751703772238863,0.312341848270746,0.217931548079228,0.417590853537916
"CIV","Cote d'Ivoire",2020,7,2020.53551912568,0.555517078861122,0.339269627694733,0.746680340066607,0.307906578955244,0.214590303183572,0.410344309669234
"CIV","Cote d'Ivoire",2020,8,2020.62021857923,0.551849226929262,0.335214081044474,0.744001287514001,0.304973652827351,0.21324187081485,0.408117918273098
"CIV","Cote d'Ivoire",2020,9,2020.70491803279,0.548902699571355,0.332611739922045,0.754886936001852,0.302515511301022,0.211236653985776,0.404833521485769
"CIV","Cote d'Ivoire",2020,10,2020.7868852459,0.549029789587187,0.333638795504157,0.761590731354786,0.301808616147111,0.210322887671652,0.4045112099073
"CIV","Cote d'Ivoire",2020,11,2020.87158469945,0.550010592677116,0.333913504251508,0.761869959773551,0.301866420447668,0.209661139993924,0.405269006377757
"CIV","Cote d'Ivoire",2020,12,2020.95355191257,0.550607414294016,0.332006151084083,0.759617189026742,0.300882531242098,0.209649710773518,0.406260618554767
"CMR","Cameroon",2020,1,2020.03825136612,0.682500905024691,0.626073676767943,0.738854033460274,0.508356652142803,0.456029811357421,0.572837435046601
"CMR","Cameroon",2020,2,2020.12295081967,0.679511836556945,0.622170523818866,0.732641202525547,0.504709638415867,0.45241498243399,0.569156206555931
"CMR","Cameroon",2020,3,2020.20218579235,0.675844041278376,0.61843476742602,0.730737051877128,0.501228944566983,0.449395053286414,0.56652503389126
"CMR","Cameroon",2020,4,2020.2868852459,0.67301617566954,0.615183723619823,0.727226204287413,0.498119787226442,0.446082353602663,0.561785866593197
"CMR","Cameroon",2020,5,2020.36885245902,0.671185297269812,0.61480867189998,0.724967514535738,0.495618468617601,0.442082541848753,0.555013131896407
"CMR","Cameroon",2020,6,2020.45355191257,0.670188455541077,0.614615684501758,0.722969612136732,0.492969219923782,0.438844204053672,0.550783164632074
"CMR","Cameroon",2020,7,2020.53551912568,0.66816962850843,0.612289887148412,0.720854862159836,0.489691236463326,0.43624852935608,0.547911688210322
"CMR","Cameroon",2020,8,2020.62021857923,0.665583191968227,0.608399840601263,0.718565683764622,0.485638173098387,0.437973028507552,0.539199334608847
"CMR","Cameroon",2020,9,2020.70491803279,0.662933189765771,0.606038201993571,0.714750562353627,0.481704792541703,0.431410682419841,0.53493188847517
"CMR","Cameroon",2020,10,2020.7868852459,0.662503987083852,0.607264834142349,0.715838440444107,0.479625678412095,0.430599811274285,0.534364120609577
"CMR","Cameroon",2020,11,2020.87158469945,0.662889583456216,0.607622125935294,0.715358783359417,0.479202766028684,0.430063661955306,0.534329033814402
"CMR","Cameroon",2020,12,2020.95355191257,0.663018648361446,0.605994723789067,0.714890002234571,0.478422186397452,0.428862829003781,0.533390882147529
"COD","Democratic Republic Of The Congo",2020,1,2020.03825136612,0.614850044261165,0.498592715537573,0.705052898583993,0.453908773421503,0.352276521772991,0.567869121041635
"COD","Democratic Republic Of The Congo",2020,2,2020.12295081967,0.614443567459061,0.497528190471114,0.698330291663541,0.454118067524988,0.353393391777869,0.573005856858527
"COD","Democratic Republic Of The Congo",2020,3,2020.20218579235,0.614120796214967,0.497849907124121,0.703847516601599,0.454538351136928,0.349693595737504,0.593424299347194
"COD","Democratic Republic Of The Congo",2020,4,2020.2868852459,0.61458038306843,0.496226004998514,0.703064718641003,0.454782653242597,0.345211367745171,0.596865669826561
"COD","Democratic Republic Of The Congo",2020,5,2020.36885245902,0.614947651496359,0.498211002889853,0.704097945771829,0.454750825756713,0.33658407163387,0.585209749902645
"COD","Democratic Republic Of The Congo",2020,6,2020.45355191257,0.61514797354356,0.500474145901739,0.703332560160858,0.454001515903711,0.334736096931607,0.572281277101063
"COD","Democratic Republic Of The Congo",2020,7,2020.53551912568,0.614579129008294,0.503412982826446,0.700059028000121,0.453066010443691,0.331005356422206,0.565188721906978
"COD","Democratic Republic Of The Congo",2020,8,2020.62021857923,0.614015204106924,0.497204523953753,0.701496101152107,0.452414859584576,0.349351135595995,0.552947809694833
"COD","Democratic Republic Of The Congo",2020,9,2020.70491803279,0.613063451635275,0.506197960254212,0.697768399272035,0.451981677468531,0.365768544192464,0.542894579321246
"COD","Democratic Republic Of The Congo",2020,10,2020.7868852459,0.612985696941731,0.504066310727664,0.69675558283598,0.452017687764798,0.366415533693448,0.542915620922353
"COD","Democratic Republic Of The Congo",2020,11,2020.87158469945,0.613617451505929,0.504018062098441,0.697827909461253,0.452293817829426,0.366845544834955,0.543339103227007
"COD","Democratic Republic Of The Congo",2020,12,2020.95355191257,0.614214496042274,0.505481150411441,0.698819243479165,0.452234248443816,0.366860422486793,0.543318495523002
"COG","Republic Of Congo",2020,1,2020.03825136612,0.812269759144443,0.540255827481061,0.927025234408238,0.75165361397004,0.602934058746299,0.895337992549186
"COG","Republic Of Congo",2020,2,2020.12295081967,0.805031792831966,0.528921103040017,0.923490669111907,0.740760719048655,0.59367155059035,0.883885693329617
"COG","Republic Of Congo",2020,3,2020.20218579235,0.798502894311615,0.519249664569582,0.920309650820389,0.730740531042716,0.585101919618571,0.87358242812789
"COG","Republic Of Congo",2020,4,2020.2868852459,0.7920427662024,0.511040630746632,0.916554636274261,0.719496896152135,0.574234497030334,0.861775894809311
"COG","Republic Of Congo",2020,5,2020.36885245902,0.785062549512587,0.499573228022117,0.91273568693752,0.707592191794971,0.56241689912648,0.850882609943754
"COG","Republic Of Congo",2020,6,2020.45355191257,0.777758459427776,0.485257833411166,0.909168702157497,0.694417250581643,0.549085145486924,0.839904636145167
"COG","Republic Of Congo",2020,7,2020.53551912568,0.769770429980354,0.46747473312182,0.904270830918702,0.681037888851231,0.5341747420169,0.826731168399317
"COG","Republic Of Congo",2020,8,2020.62021857923,0.76148747431501,0.454449722711643,0.898732813237772,0.667455263972569,0.519787411043377,0.814989480703791
"COG","Republic Of Congo",2020,9,2020.70491803279,0.753415620079145,0.444763249312276,0.893846563467642,0.654364229268071,0.506295269550999,0.804227730437512
"COG","Republic Of Congo",2020,10,2020.7868852459,0.749073232902903,0.440307911037048,0.8911564591233,0.647784752185964,0.50000966671247,0.798544760639654
"COG","Republic Of Congo",2020,11,2020.87158469945,0.749194421334278,0.440189840493,0.891544260811432,0.648019541570139,0.500797348568775,0.798660736789106
"COG","Republic Of Congo",2020,12,2020.95355191257,0.750084102602629,0.44172092511464,0.892064343691383,0.648185229730498,0.500397248065421,0.798763628366101
"COM","Comoros",2020,1,2020.03825136612,0.586985442767867,0.217631818821473,0.920766294229585,0.382798147332588,0.0875270710671021,0.681494390142295
"COM","Comoros",2020,2,2020.12295081967,0.618414282297015,0.243870521133893,0.92858374464184,0.423081352349774,0.137537752046298,0.70599127638563
"COM","Comoros",2020,3,2020.20218579235,0.649046843268642,0.274282235391577,0.927648450560093,0.461114475570329,0.179249807188304,0.751578634140628
"COM","Comoros",2020,4,2020.2868852459,0.679332234320361,0.313446171020234,0.934755309907844,0.502508065415745,0.231200391976435,0.790459642314069
"COM","Comoros",2020,5,2020.36885245902,0.703638731495334,0.339210452616249,0.942545013040901,0.542529833339388,0.273253020965773,0.810386426434642
"COM","Comoros",2020,6,2020.45355191257,0.728131975224587,0.373704425522938,0.949673482835087,0.583534131563657,0.31648421571395,0.844209996461246
"COM","Comoros",2020,7,2020.53551912568,0.750162783224883,0.400203625021102,0.955266157801666,0.621437062540769,0.347674714480357,0.890088483978033
"COM","Comoros",2020,8,2020.62021857923,0.771204418963726,0.43418104684507,0.959507471758614,0.658358318560601,0.4052292818586,0.909491810475237
"COM","Comoros",2020,9,2020.70491803279,0.79165733518032,0.470120279650048,0.963612824039736,0.695173057407198,0.449242160904319,0.927832469128996
"COM","Comoros",2020,10,2020.7868852459,0.802557088596356,0.490948441146068,0.965671087592821,0.715024218040118,0.467290364704431,0.932568777194211
"COM","Comoros",2020,11,2020.87158469945,0.802920609434797,0.492410655028918,0.965766848495258,0.715448678096814,0.468133319763713,0.932557645929248
"COM","Comoros",2020,12,2020.95355191257,0.803676515315234,0.492714414142333,0.965872292227272,0.716261311855094,0.469791135598474,0.932892022965318
"DJI","Djibouti",2020,1,2020.03825136612,0.127374929753224,0.0173829539134094,0.43574461982326,0.0976816912001019,3.4829821038694e-05,0.268960166989189
"DJI","Djibouti",2020,2,2020.12295081967,0.114654644061141,0.0155614327488151,0.402924048496948,0.0913632328622041,2.0826385416335e-05,0.259676541828061
"DJI","Djibouti",2020,3,2020.20218579235,0.102321800192796,0.0135330352784308,0.373134477473403,0.0855705471461104,1.88832815753705e-05,0.249335160406799
"DJI","Djibouti",2020,4,2020.2868852459,0.0913184987531672,0.0118272514933198,0.34579599819625,0.080573051751278,4.36635816548088e-06,0.242798049324075
"DJI","Djibouti",2020,5,2020.36885245902,0.0827569882234671,0.0106036921982919,0.31872454766031,0.0757710971333728,1.16796148427148e-06,0.234966643913369
"DJI","Djibouti",2020,6,2020.45355191257,0.0744610465686485,0.00965766700500463,0.289478795079872,0.0714155281519619,0,0.226978434837649
"DJI","Djibouti",2020,7,2020.53551912568,0.0673444084161819,0.008900732459657,0.260232556358487,0.0674090189682448,0,0.222356647145544
"DJI","Djibouti",2020,8,2020.62021857923,0.0618807723101754,0.00827230466014514,0.240492935325053,0.0643881794559906,0,0.216632315827543
"DJI","Djibouti",2020,9,2020.70491803279,0.0565915187654345,0.00759989014166101,0.224408346551771,0.061353510378879,0,0.212645604522941
"DJI","Djibouti",2020,10,2020.7868852459,0.0541112136936896,0.00741268856776598,0.214603134784037,0.0600299367671444,0,0.212156559226904
"DJI","Djibouti",2020,11,2020.87158469945,0.054587217582499,0.00773751630444741,0.211898145883752,0.0603566257292296,0,0.214437004611105
"DJI","Djibouti",2020,12,2020.95355191257,0.0550887166603485,0.00797899491133425,0.208226801133592,0.0605664062638733,0,0.215006325395662
"ERI","Eritrea",2020,1,2020.03825136612,0.430735104245522,0.142463877780051,0.768648116513286,0.294533170156168,0.11910549227337,0.470870440073127
"ERI","Eritrea",2020,2,2020.12295081967,0.44356253710864,0.149772234825605,0.76923390782502,0.309487125219804,0.13202429258636,0.492116126053192
"ERI","Eritrea",2020,3,2020.20218579235,0.454523684036991,0.151846848437334,0.774594421241612,0.323264992297238,0.142265978107416,0.502978636591142
"ERI","Eritrea",2020,4,2020.2868852459,0.466407603444756,0.156864524378992,0.785550306358651,0.338518547828903,0.152718394100944,0.525022889017605
"ERI","Eritrea",2020,5,2020.36885245902,0.479420902187626,0.169480782103527,0.789736506378818,0.354026541691115,0.175770921913243,0.542521920705286
"ERI","Eritrea",2020,6,2020.45355191257,0.493535725658992,0.184547612991647,0.793454608079892,0.370314675531653,0.194928852770773,0.55908599816629
"ERI","Eritrea",2020,7,2020.53551912568,0.505846560182096,0.196198225965688,0.801319216209081,0.384936844728624,0.206795435898298,0.574073470895716
"ERI","Eritrea",2020,8,2020.62021857923,0.516964732475766,0.204906735166363,0.810422447094523,0.39930489932383,0.223113519180557,0.571918328310197
"ERI","Eritrea",2020,9,2020.70491803279,0.527674736851628,0.211705874957123,0.817474252705554,0.414363501022008,0.23456514966977,0.574664925161975
"ERI","Eritrea",2020,10,2020.7868852459,0.533352177076315,0.215261013460038,0.823360912762019,0.421800840906322,0.239729189136592,0.582009514401378
"ERI","Eritrea",2020,11,2020.87158469945,0.533756010718945,0.214386029777025,0.8242333903319,0.421415332167001,0.239799952123273,0.581073019646013
"ERI","Eritrea",2020,12,2020.95355191257,0.534307893027846,0.215603779568135,0.825167428219801,0.421025496248335,0.238992748086344,0.579562348816531
"ETH","Ethiopia",2020,1,2020.03825136612,0.196612989780259,0.105042349589678,0.309817076069871,0.126893123305283,0.0760234040575684,0.185935335050927
"ETH","Ethiopia",2020,2,2020.12295081967,0.192171996181162,0.100707698467273,0.297668374230266,0.124463753432038,0.0730849377944544,0.183647419504883
"ETH","Ethiopia",2020,3,2020.20218579235,0.18794540669107,0.0949119953273846,0.292548113402075,0.122374334083339,0.0680356230672524,0.185789166956742
"ETH","Ethiopia",2020,4,2020.2868852459,0.182911915066978,0.0904946502842909,0.286323192342646,0.119577565657191,0.0656698000464364,0.181610475078105
"ETH","Ethiopia",2020,5,2020.36885245902,0.179307321920253,0.0942109428993605,0.279942246108877,0.117207191782391,0.0636563661387365,0.17559209312305
"ETH","Ethiopia",2020,6,2020.45355191257,0.174651205573727,0.0904397660324551,0.276247099195055,0.114646734076417,0.0612616818734922,0.173893877461201
"ETH","Ethiopia",2020,7,2020.53551912568,0.169714106131411,0.0864890743445026,0.267675845109235,0.111593665167526,0.0591326357706086,0.170913542054657
"ETH","Ethiopia",2020,8,2020.62021857923,0.163866806460955,0.0866671957478906,0.258835290517615,0.108718945116356,0.0591969728467465,0.166578706395506
"ETH","Ethiopia",2020,9,2020.70491803279,0.158718247167036,0.0840269139412971,0.253424372650461,0.10621677748049,0.0584061324944306,0.160845939426872
"ETH","Ethiopia",2020,10,2020.7868852459,0.156440472999908,0.0817339984856058,0.247807455099662,0.104793010119875,0.0584268580787508,0.159626074411952
"ETH","Ethiopia",2020,11,2020.87158469945,0.156651724286867,0.0818350600413023,0.246991220004896,0.1044416972465,0.0579901576924362,0.158724780229743
"ETH","Ethiopia",2020,12,2020.95355191257,0.156390348316666,0.0815960574462056,0.246529884842279,0.103850741843157,0.0573663951009359,0.157812821863095
"GAB","Gabon",2020,1,2020.03825136612,0.181387109292493,0.0537322266025971,0.445526167385067,0.123066337015371,0.0263769536231131,0.22938216110549
"GAB","Gabon",2020,2,2020.12295081967,0.175601940334027,0.0522254239615193,0.433179337355781,0.120846046029533,0.0257971758386823,0.226560030487438
"GAB","Gabon",2020,3,2020.20218579235,0.17047194402568,0.0504065310239241,0.422113866505973,0.11888935933542,0.0253212790044904,0.223242927007515
"GAB","Gabon",2020,4,2020.2868852459,0.165536498392322,0.0488867918350107,0.412595018020067,0.117023979986659,0.0247987427047788,0.22081248488531
"GAB","Gabon",2020,5,2020.36885245902,0.161482212615422,0.0478579209894296,0.405958850545104,0.115193221937254,0.0241863821081282,0.219679523042355
"GAB","Gabon",2020,6,2020.45355191257,0.156394050487495,0.0462357696380738,0.395727857442635,0.112412135497597,0.0234809569767837,0.217289052234975
"GAB","Gabon",2020,7,2020.53551912568,0.151576702050819,0.0449111459651382,0.387147719553013,0.110093538992099,0.0229865953647739,0.215127927971988
"GAB","Gabon",2020,8,2020.62021857923,0.147119199658728,0.0436649081522656,0.378674137596801,0.108228758499561,0.0221735573220845,0.212866955718404
"GAB","Gabon",2020,9,2020.70491803279,0.142548179475694,0.0426501511380425,0.368986651902009,0.106586298574136,0.0217281577619468,0.211322113533132
"GAB","Gabon",2020,10,2020.7868852459,0.140293219752267,0.042119259875016,0.364287152667264,0.10576907789647,0.0213694219133216,0.21064526304162
"GAB","Gabon",2020,11,2020.87158469945,0.140797391065951,0.0422652597109344,0.366656882204867,0.106089781676924,0.0214435418069645,0.210608894489787
"GAB","Gabon",2020,12,2020.95355191257,0.141560871837165,0.0426451871094997,0.369475179044254,0.106128314905715,0.0218663296063356,0.211412042078263
"GHA","Ghana",2020,1,2020.03825136612,0.611838366208841,0.567963016918524,0.643298880048627,0.393354683187139,0.360249150565443,0.4261990330291
"GHA","Ghana",2020,2,2020.12295081967,0.591485218132032,0.545588500372391,0.625428926813958,0.37113093593614,0.337267426408822,0.406186939538025
"GHA","Ghana",2020,3,2020.20218579235,0.572094108569436,0.524396945988842,0.609131764856318,0.350707744852585,0.316091860497508,0.387539338322726
"GHA","Ghana",2020,4,2020.2868852459,0.55184850352545,0.500736860335582,0.587960351964069,0.329907543813425,0.294705323158202,0.36622914382434
"GHA","Ghana",2020,5,2020.36885245902,0.530574349425592,0.481700611519992,0.569700969724811,0.311183406028581,0.276946093050205,0.346462581774257
"GHA","Ghana",2020,6,2020.45355191257,0.510838035235938,0.457359050646554,0.555828124325426,0.292109156220535,0.257045027604825,0.325777102145219
"GHA","Ghana",2020,7,2020.53551912568,0.487518912760873,0.433158440729709,0.534146226824592,0.273760407781595,0.239726184813602,0.305998921229398
"GHA","Ghana",2020,8,2020.62021857923,0.46194513549907,0.408509644384834,0.508631434473202,0.256295006107619,0.221966266911962,0.288323413619086
"GHA","Ghana",2020,9,2020.70491803279,0.437568622201958,0.383914284046455,0.486713261479352,0.239332942924361,0.205951663146826,0.269242024507904
"GHA","Ghana",2020,10,2020.7868852459,0.426110089699137,0.372308446203212,0.476338030070283,0.230587467864058,0.198127444763917,0.260747953847556
"GHA","Ghana",2020,11,2020.87158469945,0.426536617494543,0.37200120551812,0.476288657372694,0.230478897942127,0.197871641736546,0.260325193793585
"GHA","Ghana",2020,12,2020.95355191257,0.427041848363137,0.369920976977173,0.474128152063319,0.229815597814101,0.198294240757894,0.261356508921059
"GIN","Guinea",2020,1,2020.03825136612,0.765082116857855,0.687992044752937,0.834877103674566,0.648374843491718,0.558149631047294,0.724687887194551
"GIN","Guinea",2020,2,2020.12295081967,0.749634770753333,0.670753049398899,0.821035494832483,0.625878423169203,0.53777450080621,0.70722970379619
"GIN","Guinea",2020,3,2020.20218579235,0.734935351820145,0.652868829252121,0.809234224743874,0.605375520597451,0.517111548496126,0.691580288277912
"GIN","Guinea",2020,4,2020.2868852459,0.718774606802099,0.631507108727411,0.794559629240604,0.581580656162709,0.488755442649898,0.672570748863347
"GIN","Guinea",2020,5,2020.36885245902,0.704280788389978,0.614657650084773,0.781350083930566,0.557742082420047,0.458533052206887,0.655089534354584
"GIN","Guinea",2020,6,2020.45355191257,0.688229151335055,0.595873445522835,0.767016513556574,0.532782982496978,0.428599940192476,0.635045545663383
"GIN","Guinea",2020,7,2020.53551912568,0.671737201289569,0.576731379669793,0.75219814016958,0.508033763980509,0.403053499286484,0.613563894971386
"GIN","Guinea",2020,8,2020.62021857923,0.653690122309025,0.555520608460641,0.736475888888589,0.481753150290647,0.375162319329736,0.589480184947866
"GIN","Guinea",2020,9,2020.70491803279,0.636795737384268,0.53716708576766,0.72470253627007,0.455859931060179,0.348766638709118,0.565045731099191
"GIN","Guinea",2020,10,2020.7868852459,0.629055078082195,0.531442722537416,0.718438146338464,0.442584553166629,0.335834578146476,0.551909580883389
"GIN","Guinea",2020,11,2020.87158469945,0.629620029352368,0.532895218458481,0.717683771779929,0.441961456776658,0.334621938596767,0.549915886221781
"GIN","Guinea",2020,12,2020.95355191257,0.629606073409132,0.532095443730124,0.718749207314017,0.440670926512687,0.332758038036718,0.547584641789103
"GMB","Gambia",2020,1,2020.03825136612,0.266880006109316,0.0524812617390709,0.617252473771719,0.0812066857300785,0.00021416949779474,0.227351722004529
"GMB","Gambia",2020,2,2020.12295081967,0.253158543685522,0.0475324669608829,0.59983256095506,0.0750400095373627,0.000126715378627129,0.214778279296017
"GMB","Gambia",2020,3,2020.20218579235,0.240508507222623,0.04283260811843,0.581480980129796,0.0698383246412925,4.01973515471018e-05,0.204169167243614
"GMB","Gambia",2020,4,2020.2868852459,0.227488522027087,0.039583050746892,0.566404161365597,0.0644308282035477,0,0.193049630521062
"GMB","Gambia",2020,5,2020.36885245902,0.217374568585653,0.0372646798267025,0.551482547715299,0.0600525513386647,0,0.184551097399543
"GMB","Gambia",2020,6,2020.45355191257,0.207966433916437,0.0360713720045113,0.536003573152183,0.0563201853783902,0,0.179236909573464
"GMB","Gambia",2020,7,2020.53551912568,0.201296105668526,0.0349389357098337,0.529609723331933,0.0537189914418048,0,0.173719162173282
"GMB","Gambia",2020,8,2020.62021857923,0.192630693693026,0.0328005247420294,0.517287117936207,0.0509758382595301,0,0.165050541803803
"GMB","Gambia",2020,9,2020.70491803279,0.184628239308387,0.0312083837360282,0.514385816544315,0.0483170563636577,0,0.158139652196794
"GMB","Gambia",2020,10,2020.7868852459,0.180142034878278,0.0306142035042647,0.511126555039827,0.046667156031312,0,0.154765566969272
"GMB","Gambia",2020,11,2020.87158469945,0.179846171089939,0.0300794284886667,0.510803144185653,0.0459799839958119,0,0.153750837133064
"GMB","Gambia",2020,12,2020.95355191257,0.179282071947053,0.0296566862744109,0.507753137184327,0.0452255725871575,0,0.153046783669277
"GNB","Guinea-Bissau",2020,1,2020.03825136612,0.53533520144666,0.154801286732634,0.869200853228603,0.329439272762618,0.0900762444821834,0.588823340607381
"GNB","Guinea-Bissau",2020,2,2020.12295081967,0.567580190367404,0.183222699772714,0.878752770978733,0.368987299357352,0.118757894425785,0.638203272210903
"GNB","Guinea-Bissau",2020,3,2020.20218579235,0.599774229855431,0.194427004216842,0.89498144687548,0.407201671602534,0.160900802222813,0.6595802447659
"GNB","Guinea-Bissau",2020,4,2020.2868852459,0.633170975682878,0.229935686045243,0.922403421042999,0.44995243639887,0.2045780724247,0.700931691666519
"GNB","Guinea-Bissau",2020,5,2020.36885245902,0.664761913380183,0.259294392884465,0.926343946701652,0.495115081282386,0.231627476369355,0.720605533980026
"GNB","Guinea-Bissau",2020,6,2020.45355191257,0.698470551113856,0.315911598848825,0.938250921757262,0.542535708885134,0.242856207685977,0.780459385878393
"GNB","Guinea-Bissau",2020,7,2020.53551912568,0.727666069053575,0.3582479419769,0.94490897354375,0.585100524235253,0.306718621190928,0.803063801067045
"GNB","Guinea-Bissau",2020,8,2020.62021857923,0.751403875506108,0.385299519027396,0.951550659227851,0.622804610348346,0.407457380797677,0.852446980162059
"GNB","Guinea-Bissau",2020,9,2020.70491803279,0.776036246242621,0.429038221475307,0.95936250630572,0.660451625786732,0.479015407701091,0.881205134949698
"GNB","Guinea-Bissau",2020,10,2020.7868852459,0.789926597414084,0.456833149593966,0.962708137260733,0.680957919356029,0.474143426201818,0.909171951705947
"GNB","Guinea-Bissau",2020,11,2020.87158469945,0.789937396073184,0.453711418038835,0.962184363691593,0.679945122652357,0.474124226649797,0.906952738514437
"GNB","Guinea-Bissau",2020,12,2020.95355191257,0.789320265734664,0.447814567222947,0.962590019840539,0.678042034773077,0.47181919903833,0.901134818875015
"GNQ","Equatorial Guinea",2020,1,2020.03825136612,0.34687726730449,0.139205802322549,0.590735659611908,0.217262559277231,0.105323528021362,0.334271799992703
"GNQ","Equatorial Guinea",2020,2,2020.12295081967,0.338107021667189,0.133856827791351,0.584118014157079,0.212636312224926,0.101134260816119,0.330022696293228
"GNQ","Equatorial Guinea",2020,3,2020.20218579235,0.330387555804767,0.128427990898225,0.578031037873481,0.208436606410605,0.0975062844154439,0.325917096021861
"GNQ","Equatorial Guinea",2020,4,2020.2868852459,0.322258492039505,0.123477408546629,0.570842021200307,0.204104043187349,0.0937282003017598,0.321641261123781
"GNQ","Equatorial Guinea",2020,5,2020.36885245902,0.31412972022862,0.119198515647276,0.565133283003575,0.199421979770932,0.0887741790920915,0.315624780518509
"GNQ","Equatorial Guinea",2020,6,2020.45355191257,0.307014449461801,0.115233090690191,0.557980358603574,0.194563956760964,0.0838430764778724,0.309446797594203
"GNQ","Equatorial Guinea",2020,7,2020.53551912568,0.298577558682089,0.111094371680207,0.547417790037619,0.189450051013142,0.0792073264627333,0.302917188991989
"GNQ","Equatorial Guinea",2020,8,2020.62021857923,0.289443585555809,0.106964774170177,0.537697366787398,0.184690349321991,0.0752322987098534,0.298258069110887
"GNQ","Equatorial Guinea",2020,9,2020.70491803279,0.281497083153914,0.104005203766127,0.530037932655864,0.180474715944513,0.0717615388554156,0.293343989178437
"GNQ","Equatorial Guinea",2020,10,2020.7868852459,0.277800503304674,0.103175998873618,0.527170895433384,0.178433899069011,0.0699158779171595,0.290520889528864
"GNQ","Equatorial Guinea",2020,11,2020.87158469945,0.278979663602751,0.102850283072657,0.528701037541522,0.178731041388045,0.0699827264204078,0.290811247297104
"GNQ","Equatorial Guinea",2020,12,2020.95355191257,0.280050123435756,0.10160800368804,0.529731074204703,0.178576845755157,0.0694685905296673,0.291339496609371
"KEN","Kenya",2020,1,2020.03825136612,0.476879147677062,0.285637911361007,0.675523249146485,0.29422457875083,0.171172051203492,0.424041218386856
"KEN","Kenya",2020,2,2020.12295081967,0.482969895934813,0.284378209737042,0.669033274472956,0.30163107237028,0.185282675846547,0.424448138571706
"KEN","Kenya",2020,3,2020.20218579235,0.488913019574225,0.284882506620493,0.66553404718096,0.309000018765941,0.189519023680916,0.428220619734201
"KEN","Kenya",2020,4,2020.2868852459,0.497339823697759,0.30129411634223,0.676227936807879,0.317730243210509,0.198054904679694,0.435564511259614
"KEN","Kenya",2020,5,2020.36885245902,0.507591944904895,0.314493659637179,0.687259699371858,0.328293140333995,0.212854328370251,0.434440316203462
"KEN","Kenya",2020,6,2020.45355191257,0.515869689483335,0.322205167382769,0.697194981964143,0.337815336077943,0.220559287493,0.454395339412729
"KEN","Kenya",2020,7,2020.53551912568,0.522505460301863,0.336553842732764,0.701638356022168,0.345997917777561,0.233058868520087,0.464360253601384
"KEN","Kenya",2020,8,2020.62021857923,0.528643376452652,0.351839248689423,0.706642338758781,0.354608226430706,0.256302722891224,0.458216482111418
"KEN","Kenya",2020,9,2020.70491803279,0.534796379302683,0.366857903927565,0.719142467284338,0.36350963304276,0.275866310384975,0.466977488323868
"KEN","Kenya",2020,10,2020.7868852459,0.539277470405722,0.376680220477087,0.717378267806136,0.368547877422713,0.27635153640235,0.466290296612188
"KEN","Kenya",2020,11,2020.87158469945,0.541317026136929,0.378953567385908,0.717906891799518,0.369464466315182,0.277793827401125,0.467133793282681
"KEN","Kenya",2020,12,2020.95355191257,0.541471017941811,0.37870894104345,0.718599560249031,0.369704578040452,0.277629440317253,0.467577087699636
"LBR","Liberia",2020,1,2020.03825136612,0.348174698794923,0.109172020331617,0.62470646105677,0.202652576695044,0.0550557292617385,0.377085843460736
"LBR","Liberia",2020,2,2020.12295081967,0.320906171385298,0.0956243085712679,0.589502226939683,0.190734147455219,0.0527803030796012,0.35975253758053
"LBR","Liberia",2020,3,2020.20218579235,0.294899721369645,0.0838722926353507,0.566526668792933,0.180271442126002,0.0522167077241779,0.347184790288576
"LBR","Liberia",2020,4,2020.2868852459,0.271938920740447,0.0756779432842895,0.532601810101702,0.170673261752003,0.0482519912615009,0.335622162864787
"LBR","Liberia",2020,5,2020.36885245902,0.254786945353074,0.0719129039745123,0.513300456873183,0.163719385721454,0.0441904046704064,0.326093177042766
"LBR","Liberia",2020,6,2020.45355191257,0.236833513108938,0.0659674400379206,0.47743187173445,0.156592172090877,0.0400926180567494,0.317149370448699
"LBR","Liberia",2020,7,2020.53551912568,0.223399135150457,0.0632403731995111,0.458952901796885,0.151092661459087,0.037281940070486,0.310753946059272
"LBR","Liberia",2020,8,2020.62021857923,0.214525651254976,0.0616455038641164,0.448969597699181,0.147269425606952,0.0348008558385345,0.303561833994254
"LBR","Liberia",2020,9,2020.70491803279,0.206035883917772,0.0588202366489153,0.438959140071198,0.144281445754971,0.0341980004876148,0.299822359477625
"LBR","Liberia",2020,10,2020.7868852459,0.202995412011854,0.0582031320988228,0.433826997160022,0.143482679656254,0.0317661341708925,0.301429213268589
"LBR","Liberia",2020,11,2020.87158469945,0.203881656522143,0.0585427863450403,0.433662443523226,0.143651321228358,0.0316250074307671,0.301622522628498
"LBR","Liberia",2020,12,2020.95355191257,0.204595701121625,0.058578249186743,0.433470437580086,0.143325717903996,0.0315746184048423,0.300214914006606
"MDG","Madagascar",2020,1,2020.03825136612,0.4620849378049,0.300172638104841,0.639649309590282,0.315201871341358,0.205132416416262,0.412594813892338
"MDG","Madagascar",2020,2,2020.12295081967,0.44593891664986,0.283957543580357,0.622778390266283,0.298028239504706,0.190585049592033,0.394595404952708
"MDG","Madagascar",2020,3,2020.20218579235,0.431716401749578,0.265759957565785,0.60964495618112,0.282011412080539,0.17794718381762,0.37743080518261
"MDG","Madagascar",2020,4,2020.2868852459,0.413631595448725,0.242673609820793,0.597104631640735,0.26483870562138,0.164659324749499,0.357613888078761
"MDG","Madagascar",2020,5,2020.36885245902,0.392877164127927,0.220422906252468,0.581237240378467,0.248028908819003,0.151897792110927,0.336947905078006
"MDG","Madagascar",2020,6,2020.45355191257,0.372353427722232,0.204577237922863,0.566626664057619,0.2308077460127,0.138338052730788,0.316395233092968
"MDG","Madagascar",2020,7,2020.53551912568,0.351785057169004,0.190700791318714,0.543392710114513,0.215486000036189,0.125135836203866,0.299546635487352
"MDG","Madagascar",2020,8,2020.62021857923,0.32999572190834,0.175855390045708,0.513149872802384,0.201774850841344,0.115526395424036,0.282403099440629
"MDG","Madagascar",2020,9,2020.70491803279,0.307978106591967,0.15742716080358,0.483435897516985,0.188058431001401,0.104727879860585,0.265401219650725
"MDG","Madagascar",2020,10,2020.7868852459,0.296943442343156,0.149990964898602,0.475724992989617,0.181499516573858,0.0988628557102241,0.25788617457509
"MDG","Madagascar",2020,11,2020.87158469945,0.296628070028402,0.150174146805835,0.474701695767463,0.181404061716026,0.0990973724786217,0.258008031045116
"MDG","Madagascar",2020,12,2020.95355191257,0.29797525137346,0.151040966749127,0.474742588979107,0.182328553103557,0.0998830509003955,0.258575662738722
"MLI","Mali",2020,1,2020.03825136612,0.825054815060218,0.747037997879595,0.894539913961421,0.596590080486476,0.482267694639703,0.732910894806914
"MLI","Mali",2020,2,2020.12295081967,0.832225934684911,0.760675512171548,0.895388473384123,0.611963015174478,0.503215210361735,0.744204693366844
"MLI","Mali",2020,3,2020.20218579235,0.837992659857365,0.762116869967762,0.906590907091178,0.626031667694124,0.515712012253679,0.749389959013667
"MLI","Mali",2020,4,2020.2868852459,0.844295833634619,0.766977426732167,0.915916097475745,0.639573437533364,0.526051208800918,0.766251530854472
"MLI","Mali",2020,5,2020.36885245902,0.852255538026328,0.783366891419483,0.917706944486234,0.653521277599175,0.54930139367407,0.778435616965748
"MLI","Mali",2020,6,2020.45355191257,0.861067789892577,0.791402180594603,0.92131676113348,0.668519324826474,0.564032564512166,0.786937605413846
"MLI","Mali",2020,7,2020.53551912568,0.86964729928857,0.808958532785384,0.92459098394981,0.683848916817714,0.582501299876324,0.788823526306337
"MLI","Mali",2020,8,2020.62021857923,0.877789831416437,0.818531099773644,0.925253370755485,0.69923810534488,0.615845747789666,0.80962836655563
"MLI","Mali",2020,9,2020.70491803279,0.885376537461199,0.835039099222319,0.927712966497132,0.713999258853985,0.629919691118276,0.814854493547297
"MLI","Mali",2020,10,2020.7868852459,0.888609848959163,0.838150096624803,0.930660533653228,0.720481548140974,0.630577132276405,0.825240333811967
"MLI","Mali",2020,11,2020.87158469945,0.888249217017535,0.836280167162038,0.931476222196013,0.719211370783289,0.629295162567468,0.82413970630072
"MLI","Mali",2020,12,2020.95355191257,0.887746317884392,0.835290238186071,0.930575494718556,0.717590271116548,0.626172681877011,0.821002473268337
"MOZ","Mozambique",2020,1,2020.03825136612,0.629093977003293,0.518403573077919,0.729577321953569,0.341138769067361,0.246327650903944,0.458674491405675
"MOZ","Mozambique",2020,2,2020.12295081967,0.64077099458768,0.542951072387093,0.735908353295053,0.354478719743147,0.254406337846606,0.462948536324513
"MOZ","Mozambique",2020,3,2020.20218579235,0.652270568918112,0.540992894205869,0.739553930421334,0.366550496262229,0.252700418251195,0.469978242778556
"MOZ","Mozambique",2020,4,2020.2868852459,0.662398752612611,0.550746957696654,0.748874374747977,0.377839714930634,0.270510159455928,0.48334494173525
"MOZ","Mozambique",2020,5,2020.36885245902,0.668934896799002,0.566428610433061,0.753039897936501,0.38585565233401,0.287079995790124,0.479741760834327
"MOZ","Mozambique",2020,6,2020.45355191257,0.675482348091612,0.573975693873037,0.761953414678999,0.393946166161207,0.301173748359738,0.483634055650008
"MOZ","Mozambique",2020,7,2020.53551912568,0.681854239640378,0.592433035653227,0.759549545782597,0.402667310139257,0.313891442035992,0.486867722744033
"MOZ","Mozambique",2020,8,2020.62021857923,0.68892492853997,0.613144985309922,0.757110360007162,0.413075961981127,0.342331044955856,0.478623545897676
"MOZ","Mozambique",2020,9,2020.70491803279,0.696002532210274,0.628277074631208,0.754631735556556,0.424284476410054,0.372256324476988,0.474718144509755
"MOZ","Mozambique",2020,10,2020.7868852459,0.698095772493315,0.638555379760167,0.757832713319875,0.429575882863124,0.375599478882024,0.47526153896489
"MOZ","Mozambique",2020,11,2020.87158469945,0.697174069783071,0.637851740613133,0.757179232175398,0.429341428521754,0.375331588768549,0.47526509923817
"MOZ","Mozambique",2020,12,2020.95355191257,0.699576165279651,0.637824492381544,0.758708848330375,0.431161769222148,0.377373974720217,0.476359491928875
"MRT","Mauritania",2020,1,2020.03825136612,0.307381742959143,0.0805529814935061,0.562951913048946,0.150580734894134,0.046748999622381,0.265413601881381
"MRT","Mauritania",2020,2,2020.12295081967,0.354904512320977,0.0998343789642996,0.594907049944628,0.17701984327065,0.061353953897384,0.286544751008005
"MRT","Mauritania",2020,3,2020.20218579235,0.399401527079594,0.117512284366141,0.630235718126554,0.202792906679936,0.0841060553966168,0.328222290893281
"MRT","Mauritania",2020,4,2020.2868852459,0.440292141968886,0.170435489392762,0.662952137436328,0.228761451305479,0.113064106691769,0.361564998284236
"MRT","Mauritania",2020,5,2020.36885245902,0.474276217091849,0.246144983916461,0.680299269794799,0.253805590621734,0.134695790351603,0.373412699000656
"MRT","Mauritania",2020,6,2020.45355191257,0.511661291421003,0.305707005029417,0.731312302446338,0.280902296708503,0.134948807669949,0.395520573048561
"MRT","Mauritania",2020,7,2020.53551912568,0.544370696482722,0.354155653420193,0.754024783227416,0.306153464081564,0.171151051693743,0.409372257761269
"MRT","Mauritania",2020,8,2020.62021857923,0.568103730385488,0.399001195960178,0.752813346026986,0.329281578631081,0.225710255638192,0.41189672840702
"MRT","Mauritania",2020,9,2020.70491803279,0.592878014779788,0.427504094381317,0.764858420603606,0.352573388406115,0.260118300615055,0.438223100895375
"MRT","Mauritania",2020,10,2020.7868852459,0.60307363161344,0.427219915400842,0.776138347145063,0.363217420865319,0.274243217916332,0.451372932666118
"MRT","Mauritania",2020,11,2020.87158469945,0.60441628270751,0.430357620689822,0.777834665122886,0.362993380785576,0.274607039012827,0.452559708923415
"MRT","Mauritania",2020,12,2020.95355191257,0.603618701033148,0.430744069260385,0.775175967532515,0.361437647029892,0.274832514966621,0.452506437798106
"MWI","Malawi",2020,1,2020.03825136612,0.762755138897593,0.656336973940635,0.847675543834461,0.498650278270741,0.37701401941972,0.669357945248256
"MWI","Malawi",2020,2,2020.12295081967,0.745947750820419,0.635473588756401,0.836658101482296,0.478873906740208,0.357326166246321,0.652833757896107
"MWI","Malawi",2020,3,2020.20218579235,0.729899967515248,0.61742787826654,0.827576854188621,0.458970198158715,0.339564878884026,0.633564782480259
"MWI","Malawi",2020,4,2020.2868852459,0.710135420409655,0.596095031546521,0.815627383356066,0.438681157887782,0.322152565488306,0.612250772404933
"MWI","Malawi",2020,5,2020.36885245902,0.689165776474744,0.572793071226532,0.801339686968175,0.420371268202885,0.306976981030931,0.591576677346365
"MWI","Malawi",2020,6,2020.45355191257,0.666437419960772,0.541781665684141,0.786014921460967,0.400536600775384,0.291171657952471,0.564837323623539
"MWI","Malawi",2020,7,2020.53551912568,0.64442577229782,0.515947535660985,0.767872386151412,0.384324432633286,0.276386005748373,0.544122034056731
"MWI","Malawi",2020,8,2020.62021857923,0.622511846030094,0.493483374019122,0.746017689322077,0.371891719381554,0.268323553717383,0.531287704239694
"MWI","Malawi",2020,9,2020.70491803279,0.599127873183973,0.469741959636605,0.726249743592523,0.359885044616919,0.261465718510231,0.515468107498313
"MWI","Malawi",2020,10,2020.7868852459,0.58515632816308,0.451502441001103,0.716052857758645,0.353094581805553,0.257566122979723,0.507994173425732
"MWI","Malawi",2020,11,2020.87158469945,0.584719760137309,0.450979317293213,0.715292336271454,0.352210413667043,0.25470540355833,0.508204053859297
"MWI","Malawi",2020,12,2020.95355191257,0.587839197971136,0.457363423653417,0.717042448342583,0.354827271829366,0.256415165122737,0.511554228531804
"NER","Niger",2020,1,2020.03825136612,0.809622115352276,0.689143601899318,0.902109499129581,0.673023152744843,0.541829431245295,0.827252065243055
"NER","Niger",2020,2,2020.12295081967,0.81706176744774,0.698194253296535,0.905373178084525,0.688932945262147,0.565976697132787,0.816341688929244
"NER","Niger",2020,3,2020.20218579235,0.823755521102793,0.704170705803459,0.913290914199698,0.704421761198186,0.578709731407026,0.832021959209872
"NER","Niger",2020,4,2020.2868852459,0.830219787038942,0.711829583083361,0.916920768179754,0.719774497376114,0.596198692832107,0.85183080762373
"NER","Niger",2020,5,2020.36885245902,0.839739680573577,0.730175074296884,0.921118588438868,0.737820564137116,0.618333076163389,0.866979204155042
"NER","Niger",2020,6,2020.45355191257,0.850551255935788,0.744881316186188,0.926089659486203,0.75654564652655,0.637611544125039,0.874154803167662
"NER","Niger",2020,7,2020.53551912568,0.859606825560825,0.75968496785074,0.927206140007577,0.773290709320494,0.664276542431474,0.893922393338452
"NER","Niger",2020,8,2020.62021857923,0.867495663595663,0.778938348261097,0.929016816480938,0.78761752617642,0.693656972274136,0.888742365745895
"NER","Niger",2020,9,2020.70491803279,0.873981317978809,0.791263701567586,0.932980358889749,0.800593052267007,0.713501334262109,0.896839715901407
"NER","Niger",2020,10,2020.7868852459,0.876425279809872,0.788586899330232,0.935263478923278,0.805494215021213,0.71843674665693,0.899462604387369
"NER","Niger",2020,11,2020.87158469945,0.876590253466952,0.78873388310011,0.935120510725795,0.804815464747046,0.718522191966896,0.895869143939291
"NER","Niger",2020,12,2020.95355191257,0.876181338476416,0.790821887514922,0.934593304790082,0.803273514789699,0.716662815109979,0.893528034887765
"NGA","Nigeria",2020,1,2020.03825136612,0.406491942390796,0.337635848106686,0.469525990264507,0.240230480810238,0.191659027438093,0.284689352921505
"NGA","Nigeria",2020,2,2020.12295081967,0.403862129001571,0.333489578570377,0.470501200688296,0.239054396154313,0.18955270678096,0.284756189436268
"NGA","Nigeria",2020,3,2020.20218579235,0.401060635913109,0.323677848993076,0.467811863665314,0.238351085618981,0.185804199866289,0.287875219330286
"NGA","Nigeria",2020,4,2020.2868852459,0.39883661415014,0.3155903650603,0.465716344749007,0.237236304467865,0.182452373454013,0.289517597132549
"NGA","Nigeria",2020,5,2020.36885245902,0.397348803022109,0.316295690682807,0.460674786481371,0.236314710063607,0.182017895359383,0.291171549024808
"NGA","Nigeria",2020,6,2020.45355191257,0.397761665131379,0.317855651394261,0.462615863772605,0.236014844770575,0.185088205880027,0.288742301241661
"NGA","Nigeria",2020,7,2020.53551912568,0.398564878630188,0.316932279564321,0.461597297757725,0.236153061931138,0.187859286684161,0.286161238350088
"NGA","Nigeria",2020,8,2020.62021857923,0.399525090160941,0.321866824083733,0.458092523788115,0.236529271902562,0.191879952783392,0.281398541525966
"NGA","Nigeria",2020,9,2020.70491803279,0.399733171261476,0.330591670249791,0.458204005521701,0.236581042272258,0.195370996929297,0.276703319349201
"NGA","Nigeria",2020,10,2020.7868852459,0.400096198409589,0.332897264054684,0.458542458849311,0.236130044046676,0.197548527153573,0.273872113652598
"NGA","Nigeria",2020,11,2020.87158469945,0.398878864733638,0.332307158747404,0.45679203721028,0.23497562547737,0.196537332899781,0.27365411912043
"NGA","Nigeria",2020,12,2020.95355191257,0.397664447883241,0.333725579926413,0.45481762566317,0.233549678063053,0.194541215773809,0.273350469612529
"RWA","Rwanda",2020,1,2020.03825136612,0.407588152313281,0.178837905529384,0.678207098403692,0.209128578885036,0.0743466078560051,0.353187222611522
"RWA","Rwanda",2020,2,2020.12295081967,0.428555885179722,0.185959270092787,0.688694101043114,0.228527217214155,0.0909767937192668,0.368050399381106
"RWA","Rwanda",2020,3,2020.20218579235,0.449501950087558,0.197630695686973,0.709109496721101,0.247842746059306,0.0974932492499885,0.405526328961327
"RWA","Rwanda",2020,4,2020.2868852459,0.470002806845589,0.217868813080977,0.727281410356551,0.268237051739705,0.105970784159703,0.428064345079598
"RWA","Rwanda",2020,5,2020.36885245902,0.487277303069907,0.235038494770812,0.730228996402579,0.288331437589143,0.108858373479864,0.431292369593799
"RWA","Rwanda",2020,6,2020.45355191257,0.50491205147927,0.238241478585317,0.742698014469382,0.308522838404068,0.135458908367132,0.450214650797548
"RWA","Rwanda",2020,7,2020.53551912568,0.518701894060298,0.25351371237367,0.748552427262455,0.325563309938171,0.160943368791011,0.466855557189965
"RWA","Rwanda",2020,8,2020.62021857923,0.529570146497084,0.273861235158296,0.753134820708891,0.341116286196141,0.187719607581054,0.464864935493721
"RWA","Rwanda",2020,9,2020.70491803279,0.541300323830232,0.289484372909532,0.762659678989443,0.357346895443769,0.203146377655183,0.478420653093231
"RWA","Rwanda",2020,10,2020.7868852459,0.547686677910616,0.287622322557633,0.768471548591044,0.366135055727401,0.210942676749949,0.485915170918175
"RWA","Rwanda",2020,11,2020.87158469945,0.548751110068622,0.288026547020634,0.769916878970962,0.367333402002556,0.210980473110836,0.48690744940751
"RWA","Rwanda",2020,12,2020.95355191257,0.5489914033815,0.288408504553804,0.770041504271101,0.367490611614725,0.211219553221649,0.487120804278348
"SDN","Sudan",2020,1,2020.03825136612,0.532527027561076,0.33142730479806,0.69688171108666,0.332714912271925,0.197944429584046,0.460070622302038
"SDN","Sudan",2020,2,2020.12295081967,0.532886740010812,0.341216299335277,0.694840662612929,0.333530582625756,0.2046072986796,0.461341119917377
"SDN","Sudan",2020,3,2020.20218579235,0.531411822661833,0.347994318121989,0.695369561353024,0.334258030834707,0.203883948279994,0.464239132317143
"SDN","Sudan",2020,4,2020.2868852459,0.531068226856155,0.345319390484738,0.697376682923614,0.335097459840152,0.203317156648792,0.464127606419952
"SDN","Sudan",2020,5,2020.36885245902,0.5323650263498,0.351466691645556,0.699622306948369,0.336594629897914,0.206308307160023,0.464052990815183
"SDN","Sudan",2020,6,2020.45355191257,0.535223924305709,0.345526581486819,0.701312053818711,0.33816958698538,0.204750726756543,0.464438941694424
"SDN","Sudan",2020,7,2020.53551912568,0.539555166452977,0.342561818687383,0.707160195297416,0.340779496882074,0.208012806658312,0.460841328972814
"SDN","Sudan",2020,8,2020.62021857923,0.543703838873529,0.351844062077134,0.709999219502641,0.343661237405578,0.21401269397117,0.46389359694553
"SDN","Sudan",2020,9,2020.70491803279,0.5458757927544,0.36036119423405,0.710542523378086,0.346400499492523,0.220725745115767,0.465861319684411
"SDN","Sudan",2020,10,2020.7868852459,0.545770230523364,0.362920291912109,0.708496496429386,0.346571196780181,0.222639124609223,0.464616370625704
"SDN","Sudan",2020,11,2020.87158469945,0.546019623658647,0.363243957095851,0.708998269711514,0.346175335085445,0.222760419796216,0.463555773025897
"SDN","Sudan",2020,12,2020.95355191257,0.547145433439134,0.36442323571168,0.708589562213293,0.346154582002804,0.222536665145515,0.462540609225847
"SEN","Senegal",2020,1,2020.03825136612,0.731431414601147,0.474473578623664,0.895547812028849,0.525285186306202,0.348970324607385,0.670094526176853
"SEN","Senegal",2020,2,2020.12295081967,0.714264956696235,0.456738566828505,0.882857657873028,0.502324300819609,0.326359196360292,0.651748868922321
"SEN","Senegal",2020,3,2020.20218579235,0.698314176777935,0.440030231696088,0.872313400855927,0.481533960432889,0.308415862671973,0.636484400443513
"SEN","Senegal",2020,4,2020.2868852459,0.680433298237899,0.420523982610247,0.859768837269808,0.457376302462211,0.284632749370624,0.61483400047332
"SEN","Senegal",2020,5,2020.36885245902,0.665058942078357,0.403124900879938,0.847763644674583,0.433381551778504,0.261057343887992,0.589843071481007
"SEN","Senegal",2020,6,2020.45355191257,0.649734348586002,0.383463938057913,0.841745137593867,0.409582160845106,0.247897484518476,0.560761441636665
"SEN","Senegal",2020,7,2020.53551912568,0.63767084791449,0.37322166747943,0.837050519886016,0.388009665399567,0.233583001822057,0.531352223125951
"SEN","Senegal",2020,8,2020.62021857923,0.62227053517558,0.359998177993606,0.824342845066885,0.365140059027491,0.216909347943503,0.503486863847793
"SEN","Senegal",2020,9,2020.70491803279,0.607560106682301,0.347169906127497,0.812837279274359,0.342266142324249,0.20003316988676,0.477891965965281
"SEN","Senegal",2020,10,2020.7868852459,0.597349858358139,0.337937824301279,0.806331744025858,0.328556097237033,0.190043120385093,0.457812744122342
"SEN","Senegal",2020,11,2020.87158469945,0.595707397199317,0.338955766250022,0.805040886241757,0.32663831411217,0.186508284136721,0.456485124768824
"SEN","Senegal",2020,12,2020.95355191257,0.593899605495071,0.342731354205058,0.803502116984781,0.324516626466203,0.181985308755835,0.455068912734413
"SLE","Sierra Leone",2020,1,2020.03825136612,0.597460699897312,0.332795028157896,0.846189075200153,0.403014734695138,0.219921572092309,0.667885233820921
"SLE","Sierra Leone",2020,2,2020.12295081967,0.62291353184225,0.380468848310486,0.846149782672105,0.433943705682316,0.255973156730545,0.671309165310415
"SLE","Sierra Leone",2020,3,2020.20218579235,0.646952165638019,0.417150942502051,0.854206226396554,0.463579791952822,0.28043310953258,0.699470512581683
"SLE","Sierra Leone",2020,4,2020.2868852459,0.670619906339812,0.448310420865957,0.867659864974185,0.494798035252778,0.317267488968092,0.735504020188817
"SLE","Sierra Leone",2020,5,2020.36885245902,0.691676361118323,0.479772409326922,0.880439842696112,0.525452681065444,0.357554499747997,0.740777536322382
"SLE","Sierra Leone",2020,6,2020.45355191257,0.711874377526639,0.508128413025068,0.885018583171189,0.556830232749332,0.391743155899877,0.779571321621632
"SLE","Sierra Leone",2020,7,2020.53551912568,0.729527978551543,0.534479505470045,0.900328989519659,0.585335186567693,0.421583539909671,0.790432123010287
"SLE","Sierra Leone",2020,8,2020.62021857923,0.745581039520058,0.558581584648248,0.899631524714625,0.61326924452169,0.479596221855338,0.790591911416389
"SLE","Sierra Leone",2020,9,2020.70491803279,0.762407616345479,0.560561137123896,0.90385254978366,0.641801456605131,0.526204495397145,0.793093051036627
"SLE","Sierra Leone",2020,10,2020.7868852459,0.772211570630343,0.571491026918498,0.906819601985159,0.657949390860904,0.538780158371249,0.806047589809816
"SLE","Sierra Leone",2020,11,2020.87158469945,0.773080920329438,0.571706827659896,0.908563681135902,0.657799903011886,0.538243800670925,0.80486121559719
"SLE","Sierra Leone",2020,12,2020.95355191257,0.773681968228727,0.572337187916027,0.909708847293815,0.656824913156273,0.536510323326787,0.801706183690775
"SOM","Somalia",2020,1,2020.03825136612,0.212011502472744,0.0731511632423893,0.438588277534536,0.128516208296521,0.0561079005421885,0.21669240047747
"SOM","Somalia",2020,2,2020.12295081967,0.215078813529801,0.0754661099311981,0.435001877326531,0.129927730915122,0.0570692521195981,0.219057741310504
"SOM","Somalia",2020,3,2020.20218579235,0.216864017226673,0.0770417141891565,0.428643255518604,0.130869076295747,0.0579193244699009,0.220596312027325
"SOM","Somalia",2020,4,2020.2868852459,0.221394306931677,0.078759191250322,0.424563018082777,0.132984313421992,0.0602334168313097,0.222745491582434
"SOM","Somalia",2020,5,2020.36885245902,0.228142905883929,0.083342077663427,0.424792687025646,0.135904355425744,0.0644104062045107,0.224647082949129
"SOM","Somalia",2020,6,2020.45355191257,0.232727932190626,0.0874660954232644,0.438961679988064,0.137658441580029,0.0669033482494222,0.225579278306535
"SOM","Somalia",2020,7,2020.53551912568,0.236115271879549,0.0921356761601882,0.445119710616854,0.138869488736795,0.0697647528345979,0.226286251691738
"SOM","Somalia",2020,8,2020.62021857923,0.23840323668273,0.0975612841282111,0.43889133524363,0.140050164575698,0.0706549733582011,0.226572507239451
"SOM","Somalia",2020,9,2020.70491803279,0.241049326814152,0.105652812121374,0.432307754131367,0.141468949228373,0.0726634922244145,0.227605585865683
"SOM","Somalia",2020,10,2020.7868852459,0.243682922913824,0.107943009556949,0.4310640304554,0.142636858759498,0.0745297399121214,0.229645318124332
"SOM","Somalia",2020,11,2020.87158469945,0.245345135581731,0.10876145462069,0.431591932679182,0.143355479584246,0.0745790669890348,0.230869736785106
"SOM","Somalia",2020,12,2020.95355191257,0.245291570039811,0.10816552600568,0.431583494978644,0.143096863956636,0.0743489199355837,0.230174633733069
"SSD","South Sudan",2020,1,2020.03825136612,0.515148150611925,0.25347945099394,0.736727706514997,0.311860795168666,0.145635094393794,0.518046701698531
"SSD","South Sudan",2020,2,2020.12295081967,0.549550926596462,0.294553631414806,0.758147973119072,0.346980732091998,0.171287768403616,0.53791517040684
"SSD","South Sudan",2020,3,2020.20218579235,0.581105309152271,0.315805667932761,0.780643729778509,0.379674642443022,0.169756825826314,0.580194619550565
"SSD","South Sudan",2020,4,2020.2868852459,0.611884206971917,0.365060771193249,0.793246892552579,0.412901700450876,0.205707712983587,0.606197389859733
"SSD","South Sudan",2020,5,2020.36885245902,0.637759565540038,0.421523978083831,0.801705260278259,0.443424659618253,0.249032955558125,0.603820826140238
"SSD","South Sudan",2020,6,2020.45355191257,0.664618681744159,0.450155170970499,0.8167498639397,0.475010021018823,0.294313263550225,0.621159454183508
"SSD","South Sudan",2020,7,2020.53551912568,0.685242222812497,0.490110018273264,0.824401064732779,0.500724249811319,0.328887603715246,0.629369953982091
"SSD","South Sudan",2020,8,2020.62021857923,0.698653298959935,0.546390617584851,0.819690906866423,0.520948500270501,0.407211623147473,0.609746367123245
"SSD","South Sudan",2020,9,2020.70491803279,0.71230158050948,0.574798377416859,0.828132522063022,0.540956107429709,0.466086895985493,0.616984945861117
"SSD","South Sudan",2020,10,2020.7868852459,0.719518105283969,0.5780801673997,0.824374407515018,0.551123594342243,0.472162974189113,0.638434350034027
"SSD","South Sudan",2020,11,2020.87158469945,0.718986662662464,0.577441209706292,0.82481114973512,0.550261247835143,0.472414860037905,0.638090731588561
"SSD","South Sudan",2020,12,2020.95355191257,0.718623668605445,0.576946567954816,0.826389917441847,0.549318360117221,0.471752777546478,0.63785351363054
"TCD","Chad",2020,1,2020.03825136612,0.438463766656527,0.173578400212976,0.658249888577853,0.264258190961578,0.109283562603244,0.452523759273105
"TCD","Chad",2020,2,2020.12295081967,0.485654970362231,0.247578082214238,0.677021684903192,0.306105843477862,0.162250946484437,0.472515807216504
"TCD","Chad",2020,3,2020.20218579235,0.530393732381418,0.275964385457812,0.715246506365799,0.345806185613016,0.184295297096371,0.508726793564263
"TCD","Chad",2020,4,2020.2868852459,0.569455418310614,0.322327395357303,0.7365904372542,0.384214730868642,0.202386290723857,0.550742911015562
"TCD","Chad",2020,5,2020.36885245902,0.596544870619918,0.388770914086303,0.743792972378163,0.418212201249516,0.248109529864606,0.557767914451543
"TCD","Chad",2020,6,2020.45355191257,0.627047926182333,0.433213076122372,0.758688652926131,0.454052294271611,0.278673705092614,0.5983113677425
"TCD","Chad",2020,7,2020.53551912568,0.654834468441043,0.481723446138433,0.771197567809795,0.48879192645195,0.337783981411306,0.608805710138209
"TCD","Chad",2020,8,2020.62021857923,0.679087430386157,0.52523982236255,0.785004593345457,0.523141707799575,0.432673076646304,0.610071438998366
"TCD","Chad",2020,9,2020.70491803279,0.700380177644801,0.56103742375812,0.805383810942594,0.556201535243688,0.481426291682769,0.625474803699938
"TCD","Chad",2020,10,2020.7868852459,0.710646763498088,0.573265062566698,0.815843160572163,0.572637943013417,0.501852251524603,0.64902895792567
"TCD","Chad",2020,11,2020.87158469945,0.709845857898233,0.573217536833762,0.815232436266982,0.571368878872622,0.49993009186161,0.647596671672861
"TCD","Chad",2020,12,2020.95355191257,0.708890537925695,0.572574832965382,0.813948790352061,0.570035632342541,0.497848121150434,0.646241554716901
"TGO","Togo",2020,1,2020.03825136612,0.768437256308867,0.593534589636011,0.891824297261871,0.520031003667967,0.319868490232798,0.774121678938508
"TGO","Togo",2020,2,2020.12295081967,0.792930412117645,0.629437826783159,0.894857968940764,0.565410939273679,0.344411677751895,0.764800265907788
"TGO","Togo",2020,3,2020.20218579235,0.814179363577636,0.643036637268162,0.924617280934974,0.608045557078612,0.370379139007984,0.813559905730673
"TGO","Togo",2020,4,2020.2868852459,0.837278133066295,0.679452341805691,0.941185602097276,0.652780362533002,0.41168703787125,0.876363942912029
"TGO","Togo",2020,5,2020.36885245902,0.858790611265657,0.699945067456152,0.943406190048576,0.695485612215355,0.466025368330178,0.89258420522581
"TGO","Togo",2020,6,2020.45355191257,0.880824328000082,0.724459026051574,0.950418842180662,0.739973244674451,0.516756755023703,0.914208444607015
"TGO","Togo",2020,7,2020.53551912568,0.899746921610764,0.758633657992183,0.963262748304673,0.782443014032356,0.574202288030628,0.939889381851979
"TGO","Togo",2020,8,2020.62021857923,0.918344661255065,0.82444105475991,0.962361877098111,0.82761700550358,0.687390081674367,0.929754624616778
"TGO","Togo",2020,9,2020.70491803279,0.935996070233679,0.887901836870001,0.963969970289546,0.873144467156901,0.778249483578011,0.946748973757748
"TGO","Togo",2020,10,2020.7868852459,0.945349782075394,0.910302238631097,0.967376575569093,0.897558506947661,0.819854595741984,0.967092907919909
"TGO","Togo",2020,11,2020.87158469945,0.945212614726799,0.91128737819236,0.967211470505267,0.896793704565642,0.819232403153975,0.96614143075682
"TGO","Togo",2020,12,2020.95355191257,0.945106564247523,0.910762070412681,0.967064117593278,0.895749179627776,0.818450441936209,0.964311815933585
"TZA","Tanzania",2020,1,2020.03825136612,0.529287737459466,0.445040622882869,0.609822641290969,0.328799233415526,0.263938758136113,0.3995472499845
"TZA","Tanzania",2020,2,2020.12295081967,0.528666262224634,0.445066177969711,0.609913932260359,0.328041158162354,0.264525299731877,0.400032831930114
"TZA","Tanzania",2020,3,2020.20218579235,0.528917329770631,0.442633144180885,0.612044555250287,0.327876296945003,0.263107486040498,0.404312451960398
"TZA","Tanzania",2020,4,2020.2868852459,0.528361834675355,0.441565588420059,0.614323231012898,0.326841166799459,0.259514881253549,0.400542702981276
"TZA","Tanzania",2020,5,2020.36885245902,0.528159946743594,0.4422477266744,0.614595022237873,0.325894543078583,0.26038846104147,0.399017874985108
"TZA","Tanzania",2020,6,2020.45355191257,0.526348165339478,0.438751579739706,0.610475133010362,0.323871910761691,0.256614595867413,0.391079976423025
"TZA","Tanzania",2020,7,2020.53551912568,0.524289084233555,0.437263618266498,0.607192595738242,0.321785666873934,0.257856504131798,0.389987300163824
"TZA","Tanzania",2020,8,2020.62021857923,0.522880678881409,0.438442850955804,0.599900114737377,0.320761431066846,0.259887218448009,0.381523749157587
"TZA","Tanzania",2020,9,2020.70491803279,0.521257144667689,0.441225101120095,0.598466314433228,0.319922431638665,0.262384894927526,0.377801871997472
"TZA","Tanzania",2020,10,2020.7868852459,0.520728674469294,0.439701053880567,0.599773933717422,0.319741186567437,0.261927650860557,0.37647337011927
"TZA","Tanzania",2020,11,2020.87158469945,0.522710396101534,0.443092505547824,0.601633015902595,0.320930718911093,0.262813208851729,0.377346116610159
"TZA","Tanzania",2020,12,2020.95355191257,0.524571633594387,0.445042750728433,0.603594092758363,0.322273120204282,0.263887274415452,0.378768629249547
"UGA","Uganda",2020,1,2020.03825136612,0.662196504140909,0.49814503790491,0.779555039301374,0.392858956590432,0.24308911311736,0.550927763128399
"UGA","Uganda",2020,2,2020.12295081967,0.690187461851546,0.506969890826874,0.804007244794183,0.431410605606308,0.24313290721692,0.587989137152212
"UGA","Uganda",2020,3,2020.20218579235,0.715873695366416,0.513425075870159,0.835902367351593,0.468091483935646,0.235482910634667,0.654219835159504
"UGA","Uganda",2020,4,2020.2868852459,0.742566260665713,0.543151694492678,0.851350432510404,0.506730658577371,0.278772349705499,0.683812241662341
"UGA","Uganda",2020,5,2020.36885245902,0.76724991579713,0.622733067508318,0.858301869369312,0.543950714551696,0.353101985127644,0.703910438967387
"UGA","Uganda",2020,6,2020.45355191257,0.791270834934595,0.663814660438459,0.876998626295512,0.581815045354412,0.38042472604434,0.721920182243371
"UGA","Uganda",2020,7,2020.53551912568,0.812298066487224,0.709518597061614,0.886911103211252,0.616599724650629,0.437077899155977,0.743434230480033
"UGA","Uganda",2020,8,2020.62021857923,0.832842577945424,0.775468828666917,0.883779394803113,0.651716796539969,0.539606095044512,0.732342516498028
"UGA","Uganda",2020,9,2020.70491803279,0.85243786311673,0.82342745922519,0.878193956080902,0.687191175586212,0.645369888000391,0.723624210865203
"UGA","Uganda",2020,10,2020.7868852459,0.862976738077966,0.834622207949037,0.887427513886755,0.706300770226115,0.670048600874449,0.74073007784285
"UGA","Uganda",2020,11,2020.87158469945,0.863601515982776,0.835405696927108,0.887956464123928,0.706662933433415,0.669923011026649,0.740449282446792
"UGA","Uganda",2020,12,2020.95355191257,0.863547925192869,0.835039264077862,0.88706662581729,0.706229282355961,0.669605670904749,0.739126319261685
"ZMB","Zambia",2020,1,2020.03825136612,0.532990632625855,0.345515375248929,0.66781703730315,0.301739582117405,0.198355790487409,0.400574278260601
"ZMB","Zambia",2020,2,2020.12295081967,0.557361589598777,0.412884295878567,0.679796255789956,0.321404873336759,0.219409787091809,0.425956201698032
"ZMB","Zambia",2020,3,2020.20218579235,0.580864569177054,0.420596165395571,0.698693500289641,0.339427416733674,0.226615408835355,0.455519402000834
"ZMB","Zambia",2020,4,2020.2868852459,0.601877006177945,0.458862392119372,0.718095575729842,0.356558776180172,0.24834310170624,0.471017508575512
"ZMB","Zambia",2020,5,2020.36885245902,0.616463325908634,0.499860798868829,0.714209872474127,0.370035439432783,0.275944718818702,0.46701188178105
"ZMB","Zambia",2020,6,2020.45355191257,0.630970675825396,0.519739274799537,0.711637190645205,0.383492472620838,0.285436169733151,0.47865926537829
"ZMB","Zambia",2020,7,2020.53551912568,0.645138255257318,0.542838202304886,0.717876628106258,0.39845566520192,0.306144667974528,0.490608267381155
"ZMB","Zambia",2020,8,2020.62021857923,0.660031005814229,0.587935722074382,0.718071338962353,0.416619535287775,0.350231446296716,0.480941909443484
"ZMB","Zambia",2020,9,2020.70491803279,0.674506617773758,0.611648720245596,0.724174935819892,0.435333518753324,0.376471636101802,0.483088107603083
"ZMB","Zambia",2020,10,2020.7868852459,0.680715237464734,0.618402118976843,0.726820250862105,0.444733111268525,0.39103705625796,0.496061841083812
"ZMB","Zambia",2020,11,2020.87158469945,0.681098115871083,0.620831390993479,0.727141975050968,0.444885954140339,0.391304814087301,0.496056908933124
"ZMB","Zambia",2020,12,2020.95355191257,0.683420246375038,0.623675212407351,0.729150528483018,0.446220706125383,0.392721253555671,0.49736417726617
"ZWE","Zimbabwe",2020,1,2020.03825136612,0.334087195909692,0.140986987048752,0.547157843008854,0.176810703500385,0.0917560875557051,0.29590025059325
"ZWE","Zimbabwe",2020,2,2020.12295081967,0.332915483761325,0.137673089824289,0.545702764796028,0.176090442446884,0.0921989575944872,0.294442995184432
"ZWE","Zimbabwe",2020,3,2020.20218579235,0.331626832965487,0.13459876103789,0.546739917127746,0.174564857918435,0.0909333584882876,0.294516772458415
"ZWE","Zimbabwe",2020,4,2020.2868852459,0.329501036469742,0.132308209104448,0.546053221204733,0.172468415559339,0.0882440844667675,0.294001008624593
"ZWE","Zimbabwe",2020,5,2020.36885245902,0.326552205742071,0.133508433216212,0.546646604032052,0.16997226223221,0.0834247505782245,0.287198302229254
"ZWE","Zimbabwe",2020,6,2020.45355191257,0.323207684092201,0.131391362230892,0.54553397298425,0.167366036798097,0.0787663259875732,0.284536641212187
"ZWE","Zimbabwe",2020,7,2020.53551912568,0.320216848118709,0.13108690569196,0.542811788812395,0.165515705493897,0.0754410374173017,0.282739617832715
"ZWE","Zimbabwe",2020,8,2020.62021857923,0.317331283281295,0.138926277468305,0.537805832410843,0.164582601950698,0.0734119463848276,0.278294578896935
"ZWE","Zimbabwe",2020,9,2020.70491803279,0.315325291851689,0.140794304698961,0.538742306331321,0.164928399714952,0.0734346056002539,0.276789591257227
"ZWE","Zimbabwe",2020,10,2020.7868852459,0.313391489750088,0.141112247430389,0.539557806038892,0.164707451695704,0.0726461250729792,0.274564330738844
"ZWE","Zimbabwe",2020,11,2020.87158469945,0.313148346636509,0.140209961664977,0.536166902843239,0.164481112073544,0.0725843372419683,0.274097966879816
"ZWE","Zimbabwe",2020,12,2020.95355191257,0.314262092235018,0.141281962609567,0.536314340710253,0.165742879901147,0.0746597838659075,0.275414861589747
